{
  "project_info": {
    "project_number": "426053579725",
    "project_id": "envolve-5d156",
    "storage_bucket": "envolve-5d156.appspot.com"
  },
  "client": [
    {
      "client_info": {
        "mobilesdk_app_id": "1:426053579725:android:50524d7b99c53e62f40a84",
        "android_client_info": {
          "package_name": "com.is6144.envolveproject"
        }
      },
      "oauth_client": [
        {
          "client_id": "426053579725-jai11n6ksev5na2q71khgh1o1rfmlm96.apps.googleusercontent.com",
          "client_type": 3
        }
      ],
      "api_key": [
        {
          "current_key": "AIzaSyDb23NTMBbQemVCv9N-rzMqorEwat1KXRQ"
        }
      ],
      "services": {
        "appinvite_service": {
          "other_platform_oauth_client": [
            {
              "client_id": "426053579725-jai11n6ksev5na2q71khgh1o1rfmlm96.apps.googleusercontent.com",
              "client_type": 3
            }
          ]
        }
      }
    }
  ],
  "configuration_version": "1"
}